,Bel_CF3045_A,Bel_CF3045_B,Bel_CF3047_A,Bel_CF3047_B,Bel_CON3037_A,Bel_CON3037_B,Bel_CON3039_A,Bel_CON3039_B,Bel_IPM3042_A,Bel_IPM3042_B,Bel_IPM3044_A,Bel_IPM3044_B,Ber_CF2006_A,Ber_CF2006_B,Ber_CF2007_A,Ber_CF2007_B,Ber_CON2010_A,Ber_CON2010_B,Ber_CON2011_A,Ber_CON2011_Be2,Ber_IPM2001_A,Ber_IPM2001_B,Ber_IPM2002_A,Ber_IPM2002_B,Dal_CF1051_A,Dal_CF1051_B,Dal_CF1052_A,Dal_CF1052_B,Dal_CON1057_A,Dal_CON1057_B,Dal_CON1058_A,Dal_CON1058_B,Dal_IPM1054_A,Dal_IPM1054_B,Dal_IPM1055_A,Dal_IPM1055_B,Sla_CF2065_A,Sla_CF2065_B,Sla_CF2066_A,Sla_CF2066_B,Sla_CON2061_A,Sla_CON2061_B,Sla_CON2063_A,Sla_CON2063_B,Sla_IPM2070_A,Sla_IPM2070_B,Sla_IPM2071_A,Sla_IPM2071_B,Spr_CF3013_A,Spr_CF3013_B,Spr_CF3016_A,Spr_CF3016_B,Spr_CON3017_A,Spr_CON3017_B,Spr_CON3019_A,Spr_CON3019_Be2,Spr_IPM3023_A,Spr_IPM3023_B,Spr_IPM3024_A,Spr_IPM3024_B,Sum_CF4005_A,Sum_CF4005_B,Sum_CF4006_A,Sum_CF4006_B,Sum_CON4010_A,Sum_CON4010_B,Sum_CON4011_A,Sum_CON4011_B,Sum_IPM4001_A,Sum_IPM4001_B,Sum_IPM4002_A,Sum_IPM4002_B,,Abundance,Number of 0 ,,Prevelance,,Sequence,OTUID
OTU_5,0.080909091,0.061818182,0.14,0.014545455,0.033636364,0.045454545,0.022727273,0.039090909,0.064545455,0.249090909,0.004545455,0.151818182,0.905454545,0.196363636,0.02,0.68,0.115454545,0.038181818,0.06,0.222727273,0.428181818,0.929090909,0.11,0.051818182,0.032727273,0.499090909,0.043636364,0.380909091,0.02,0.196363636,0.01,0.072727273,0,0.177272727,0,0.687272727,0.408181818,0.397272727,0.356363636,0.219090909,0.567272727,0.898181818,0.639090909,0.955454545,0.08,0.522727273,0.324545455,0.543636364,0.058181818,0.216363636,0.088181818,0.069090909,0.069090909,0.11,0.031818182,0.162727273,0.219090909,0.396363636,0.271818182,0.374545455,0.431818182,0.147272727,0.228181818,0.016363636,0.5,0.011818182,0.34,0.136363636,0.211818182,0.069090909,0.203636364,0.163636364,,23.9229798,2,70,0.972222222,,TACGTAGGTGGCAAGCGTTGTCCGGATTTATTGGGCGTAAAGCGAGCGCAGGCGGTTTTGTAAGTCTGCTGTGAAAGCCCTCAGCTCAACTGAGGAAGTGCAGTGGAAACTACAAAACTTGAGTACAGAAGAGGAAAGTGGAACTCCATGTGTAGCGGTGAAATGCGTAGATATATGGAAGAACACCAGTGGCGAAGGCGGCTTTCTGGTCTGTTACTGACGCTGAGGCTCGAAAGCATGGGTAGCGAACAGG,5
OTU_8,0.565454545,0.039090909,0.263636364,0.569090909,0.779090909,0.705454545,0.619090909,0.204545455,0.142727273,0.332727273,0.713636364,0.279090909,0,0.006363636,0.000909091,0.001818182,0,0.012727273,0,0,0,0.005454545,0.000909091,0.003636364,0.15,0.020909091,0.139090909,0.007272727,0.152727273,0.009090909,0.087272727,0.007272727,0.02,0.043636364,0.063636364,0,0.033636364,0,0.048181818,0,0.155454545,0.000909091,0.077272727,0,0.039090909,0.007272727,0.013636364,0,0.141818182,0.091818182,0.046363636,0.010909091,0.028181818,0,0.020909091,0,0.031818182,0.016363636,0.041818182,0.080909091,0.121818182,0.060909091,0.1,0.017272727,0.276363636,0.433636364,0.209090909,0.023636364,0.106363636,0.02,0.095454545,0.013636364,,11.54292929,12,60,0.833333333,,TACGGAGGGTGCGAGCGTTAATCGGAATTACTGGGCGTAAAGGGCACGCAGGCGGTTAATTAAGTTGGATGTGAAATCCCCGGGCTTAACCTGGGAATGGCATTCAAGACTGGTTAGCTAGAGTCTTGTAGAGGGGGGTAGAATTCCATGTGTAGCGGTGAAATGCGTAGAGATGTGGAGGAATACCGGTGGCGAAGGCGGCCCCCTGGACAGAGACTGACGCTCATGTGCGAAAGCGTGGGGAGCAAACAGG,8
OTU_9,0.122727273,0.126363636,0.314545455,0.277272727,0.103636364,0.1,0.196363636,0.411818182,0.312727273,0.182727273,0.169090909,0.321818182,0.033636364,0.185454545,0.395454545,0.022727273,0.285454545,0.458181818,0.256363636,0.192727273,0.198181818,0.002727273,0.368181818,0.545454545,0.03,0.171818182,0.250909091,0.148181818,0.045454545,0.085454545,0.021818182,0.01,0.007272727,0.179090909,0.274545455,0.029090909,0.173636364,0.382727273,0.086363636,0.361818182,0.095454545,0.03,0.06,0.01,0.212727273,0.181818182,0.06,0.103636364,0.540909091,0.236363636,0.309090909,0.493636364,0.090909091,0.13,0.292727273,0.206363636,0.45,0.24,0.084545455,0.221818182,0.139090909,0.212727273,0.132727273,0.14,0.039090909,0.06,0.058181818,0.059090909,0.15,0.05,0.129090909,0.051818182,,18.21338384,0,72,1,,TACAGAGGGTGCAAGCGTTAATCGGAATTACTGGGCGTAAAGCGCGCGTAGGTGGCCATTTAAGTCAAATGTGAAATCCCCGAGCTTAACTTGGGAATTGCATTCGATACTGGGTGGCTAGAGTATAGGAGAGGAAGGTAGAATTCCAGGTGTAGCGGTGAAATGCGTAGAGATCTGGAGGAATACCGATGGCGAAGGCAGCCTTCTGGCCTAATACTGACACTGAGGTGCGAAAGCATGGGGAGCAAACAGG,9
OTU_18,0.001818182,0.005454545,0.02,0.013636364,0.002727273,0.005454545,0.011818182,0.008181818,0.028181818,0.023636364,0.006363636,0.027272727,0.002727273,0.010909091,0.022727273,0.008181818,0.010909091,0.120909091,0.015454545,0.058181818,0.013636364,0.025454545,0.034545455,0.05,0.427272727,0.021818182,0.127272727,0.017272727,0.189090909,0.019090909,0.096363636,0.048181818,0.100909091,0.051818182,0.053636364,0.116363636,0.134545455,0.020909091,0.067272727,0.015454545,0.052727273,0,0.066363636,0.000909091,0.114545455,0.005454545,0.031818182,0.033636364,0.02,0.119090909,0,0.052727273,0.044545455,0.21,0.170909091,0.078181818,0.01,0.061818182,0.01,0.083636364,0.095454545,0.240909091,0.144545455,0.339090909,0.055454545,0.265454545,0.142727273,0.204545455,0.192727273,0.488181818,0.199090909,0.210909091,,8.029040404,2,70,0.972222222,,TACGGAGGGTGCAAGCGTTAATCGGAATTACTGGGCGTAAAGCGCACGCAGGCGGTTTGTTAAGTCAGATGTGAAATCCCCGGGCTCAACCTGGGAACTGCATTTGAAACTGGCAAGCTTGAGTCTTGTAGAGGGGGGTAGAATTCCAGGTGTAGCGGTGAAATGCGTAGAGATCTGGAGGAATACCGGTGGCGAAGGCGGCCCCCTGGACAAAGACTGACGCTCAGGTGCGAAAGCGTGGGGAGCAAACAGG,18
OTU_33,0.026363636,0.378181818,0.023636364,0.020909091,0.014545455,0.018181818,0.013636364,0.043636364,0.020909091,0.035454545,0.008181818,0.058181818,0.009090909,0.019090909,0.063636364,0.005454545,0.080909091,0.023636364,0.075454545,0.048181818,0.034545455,0.006363636,0.066363636,0.028181818,0.054545455,0.096363636,0.049090909,0.098181818,0.124545455,0.305454545,0.070909091,0.215454545,0.059090909,0.129090909,0.202727273,0.045454545,0.060909091,0.010909091,0.174545455,0.036363636,0.034545455,0.011818182,0.06,0.000909091,0.325454545,0.054545455,0.321818182,0.050909091,0.017272727,0.054545455,0.080909091,0.082727273,0.259090909,0.133636364,0.146363636,0.25,0.038181818,0.073636364,0.019090909,0.054545455,0.049090909,0.097272727,0.051818182,0.140909091,0.039090909,0.085454545,0.07,0.260909091,0.098181818,0.114545455,0.107272727,0.140909091,,8.585858586,0,72,1,,TACGAAGGGTGCAAGCGTTAATCGGAATTACTGGGCGTAAAGCGCGCGTAGGTGGCTTGATAAGTTGGATGTGAAATCCCCGGGCTCAACCTGGGAACTGCATCCAAAACTGTCTGGCTAGAGTGTGGTAGAGGGTAGTGGAATTTCCAGTGTAGCGGTGAAATGCGTAGATATTGGAAGGAACACCAGTGGCGAAGGCGACTACCTGGACTAACACTGACACTGAGGTGCGAAAGCGTGGGGAGCAAACAGG,33
OTU_35,0.003636364,0.056363636,0.020909091,0.021818182,0.004545455,0.014545455,0.005454545,0.041818182,0.006363636,0.024545455,0,0.036363636,0.001818182,0.02,0.028181818,0.01,0.030909091,0.03,0.02,0.039090909,0.018181818,0.003636364,0.022727273,0.033636364,0.032727273,0.04,0,0.023636364,0.107272727,0.076363636,0.037272727,0.082727273,0.049090909,0.106363636,0.012727273,0.035454545,0.022727273,0.012727273,0.030909091,0.080909091,0.010909091,0.002727273,0.022727273,0.000909091,0.056363636,0.023636364,0.073636364,0.020909091,0.031818182,0.040909091,0.063636364,0.082727273,0.192727273,0.158181818,0.071818182,0.051818182,0.035454545,0.08,0.030909091,0.071818182,0.028181818,0.041818182,0.006363636,0.043636364,0.011818182,0.027272727,0.026363636,0.037272727,0.034545455,0.033636364,0.012727273,0.072727273,,3.813131313,2,70,0.972222222,,TACGGAGGGTGCAAGCGTTAATCGGAATTACTGGGCGTAAAGCGCACGCAGGCGGTCTGTTAAGTCAGATGTGAAATCCCCGGGCTTAACCTGGGAACTGCATTTGAAACTGGCAGGCTTGAGTCTTGTAGAGGGGGGTAGAATTCCAGGTGTAGCGGTGAAATGCGTAGAGATCTGGAGGAATACCGGTGGCGAAGGCGGCCCCCTGGACAAAGACTGACGCTCAGGTGCGAAAGCGTGGGGAGCAAACAGG,35
OTU_37,0.019090909,0.036363636,0.030909091,0.004545455,0.002727273,0.008181818,0.018181818,0.02,0.018181818,0.014545455,0.012727273,0.012727273,0.013636364,0.014545455,0.069090909,0.002727273,0.134545455,0.015454545,0.091818182,0.106363636,0.063636364,0.000909091,0.068181818,0.016363636,0.05,0.018181818,0.045454545,0.031818182,0.027272727,0.053636364,0.047272727,0.089090909,0.027272727,0.055454545,0.100909091,0,0.025454545,0.003636364,0.024545455,0.02,0.011818182,0.006363636,0.004545455,0,0.026363636,0.026363636,0.025454545,0.040909091,0.018181818,0.013636364,0.071818182,0.025454545,0.086363636,0.054545455,0.042727273,0.031818182,0.032727273,0.018181818,0.013636364,0.020909091,0.021818182,0.04,0.082727273,0.054545455,0.024545455,0.019090909,0.040909091,0.073636364,0.064545455,0.063636364,0.093636364,0.053636364,,3.638888889,2,70,0.972222222,,TACGGAGGGGGCTAGCGTTGTTCGGAATTACTGGGCGTAAAGCGCACGTAGGCGGCTTTGTAAGTCAGAGGTGAAAGCCTGGAGCTCAACTCCAGAACTGCCTTTGAGACTGCATCGCTTGAATCCAGGAGAGGTCAGTGGAATTCCGAGTGTAGAGGTGAAATTCGTAGATATTCGGAAGAACACCAGTGGCGAAGGCGGCTGACTGGACTGGTATTGACGCTGAGGTGCGAAAGCGTGGGGAGCAAACAGG,37
OTU_40,0.000909091,0.001818182,0.01,0.008181818,0.009090909,0.003636364,0.014545455,0.021818182,0.034545455,0.007272727,0.006363636,0.009090909,0.000909091,0.027272727,0.01,0.011818182,0.003636364,0.131818182,0.007272727,0.068181818,0.003636364,0.001818182,0.004545455,0.101818182,0,0.006363636,0.031818182,0.001818182,0.008181818,0.004545455,0,0,0,0.027272727,0.012727273,0,0.004545455,0.077272727,0.006363636,0.071818182,0,0.009090909,0.008181818,0.009090909,0.002727273,0.031818182,0.005454545,0.081818182,0.010909091,0.043636364,0.048181818,0.030909091,0.016363636,0.008181818,0.029090909,0.006363636,0.004545455,0.014545455,0,0.005454545,0,0,0.103636364,0,0,0,0,0,0,0.002727273,0,0,,1.702020202,17,55,0.763888889,,TACGAAGGGGGCTAGCGTTGCTCGGAATGACTGGGCGTAAAGGGCGCGTAGGCGGTTTAAGCAGTCAGATGTGAAATCCCCGGGCTTAACCTGGGAACTGCATTTGAGACGCTTAGACTAGAGTTCGAGAGAGGGTTGTGGAATTCCCAGTGTAGAGGTGAAATTCGTAGATATTGGGAAGAACACCGGTGGCGAAGGCGGCAACCTGGCTCGATACTGACGCTGAGGCGCGAAAGCGTGGGGAGCAAACAGG,40
OTU_55,0.000909091,0.021818182,0.001818182,0.001818182,0.000909091,0.002727273,0.001818182,0.001818182,0.001818182,0.003636364,0.000909091,0.002727273,0.003636364,0,0.041818182,0,0.043636364,0.000909091,0.050909091,0.004545455,0.038181818,0,0.035454545,0.001818182,0,0.008181818,0,0.010909091,0,0.008181818,0,0.014545455,0,0.008181818,0.030909091,0,0.008181818,0,0.008181818,0,0,0,0.002727273,0,0.006363636,0,0.01,0,0,0.002727273,0,0,0,0.01,0.003636364,0,0.012727273,0,0.001818182,0.001818182,0.001818182,0.000909091,0,0,0,0,0.000909091,0,0,0,0,0,,0.578282828,31,41,0.569444444,,TACGTAGGGTGCAAGCGTTAATCGGAATTACTGGGCGTAAAGCGTGCGCAGGCGGTTTTGTAAGACTGTCGTGAAATCCCCGGGCTCAACCTGGGAATGGCGATGGTGACTGCAAGGCTAGAGTTTGGCAGAGGGGGGTAGAATTCCACGTGTAGCAGTGAAATGCGTAGATATGTGGAGGAACACCGATGGCGAAGGCAGCCCCCTGGGTCAAAACTGACGCTCATGCACGAAAGCGTGGGGAGCAAACAGG,55
OTU_62,0.002727273,0.001818182,0.004545455,0,0.000909091,0.000909091,0.003636364,0.000909091,0.000909091,0.001818182,0.002727273,0.000909091,0.004545455,0.000909091,0.032727273,0,0.040909091,0,0.048181818,0.006363636,0.046363636,0,0.074545455,0,0.001818182,0,0.003636364,0,0,0,0,0.005454545,0,0.01,0.085454545,0,0.000909091,0,0.007272727,0.000909091,0.007272727,0,0.001818182,0,0,0.001818182,0.002727273,0,0.004545455,0.001818182,0.004545455,0.002727273,0.005454545,0.002727273,0.008181818,0,0.012727273,0,0.004545455,0.000909091,0.007272727,0.004545455,0.003636364,0.005454545,0.001818182,0.006363636,0.007272727,0.016363636,0.020909091,0.019090909,0.007272727,0.004545455,,0.775252525,19,53,0.736111111,,TACGGAGGGTGCAAGCGTTATCCGGATTTATTGGGTTTAAAGGGTCCGTAGGCGGATCTGTAAGTCAGTGGTGAAATCTCACAGCTTAACTGTGAAACTGCCATTGATACTGCAGGTCTTGAGTAAGGTAGAAGTGGCTGGAATAAGTAGTGTAGCGGTGAAATGCATAGATATTACTTAGAACACCAATTGCGAAGGCAGGTCACTATGTCTTAACTGACGCTGATGGACGAAAGCGTGGGGAGCGAACAGG,62
OTU_82,0.022727273,0.005454545,0.005454545,0,0.007272727,0.003636364,0.001818182,0.001818182,0.010909091,0.006363636,0.004545455,0.004545455,0.000909091,0.004545455,0.001818182,0.002727273,0.001818182,0.011818182,0.003636364,0.029090909,0.000909091,0.001818182,0,0.003636364,0.014545455,0.013636364,0.122727273,0.024545455,0.025454545,0.015454545,0,0.023636364,0,0.01,0,0,0.006363636,0.007272727,0.004545455,0,0.015454545,0.01,0.008181818,0,0.003636364,0.027272727,0.008181818,0.013636364,0.008181818,0.004545455,0,0.001818182,0.016363636,0.014545455,0.004545455,0.005454545,0.007272727,0.014545455,0.029090909,0.011818182,0.023636364,0.004545455,0.014545455,0.005454545,0.008181818,0.001818182,0.006363636,0.007272727,0.009090909,0.008181818,0.002727273,0.016363636,,0.997474747,9,63,0.875,,TACGAAGGGGGCTAGCGTTGCTCGGAATGACTGGGCGTAAAGGGCGCGTAGGCTGTTTGTACAGTCAGATGTGAAATCCCCGGGCTTAACCTGGGAACTGCATTTGATACGTACAGACTAGAGTCCGAGAGAGGGTTGTGGAATTCCCAGTGTAGAGGTGAAATTCGTAGATATTGGGAAGAACACCGGTTGCGAAGGCGGCAACCTGGCTCGGTACTGACGCTGAGGCGCGAAAGCGTGGGGAGCGAACAGG,82
OTU_97,0.001818182,0.008181818,0.004545455,0.001818182,0.001818182,0.003636364,0.002727273,0.009090909,0.013636364,0.003636364,0.003636364,0.003636364,0.000909091,0.005454545,0.004545455,0.001818182,0.004545455,0.008181818,0.004545455,0.004545455,0.001818182,0.000909091,0.001818182,0.008181818,0,0.004545455,0.007272727,0.005454545,0,0.01,0.009090909,0.007272727,0.025454545,0.007272727,0.01,0.007272727,0.008181818,0.006363636,0,0.013636364,0,0.000909091,0,0,0.005454545,0.006363636,0.003636364,0.006363636,0.01,0.008181818,0.010909091,0.009090909,0.011818182,0.009090909,0.007272727,0.01,0.014545455,0.006363636,0.006363636,0.004545455,0.002727273,0.009090909,0.001818182,0.006363636,0.002727273,0.003636364,0,0.003636364,0,0.003636364,0,0.003636364,,0.549242424,9,63,0.875,,TACGTAGGGTGCAAGCGTTGTCCGGAATTATTGGGCGTAAAGAGCTCGTAGGCGGTTTGTCGCGTCTGCTGTGAAATCCCGAGGCTCAACCTCGGGCTTGCAGTGGGTACGGGCAGACTAGAGTGCGGTAGGGGAGATTGGAATTCCTGGTGTAGCGGTGGAATGCGCAGATATCAGGAGGAACACCGATGGCGAAGGCAGATCTCTGGGCCGTAACTGACGCTGAGGAGCGAAAGCATGGGGAGCGAACAGG,97
OTU_99,0,0.007272727,0,0.003636364,0,0.001818182,0,0.010909091,0,0.003636364,0.000909091,0.021818182,0.000909091,0.001818182,0.008181818,0.000909091,0.001818182,0.004545455,0.007272727,0.000909091,0.004545455,0,0.004545455,0,0,0.007272727,0,0.002727273,0.011818182,0.026363636,0,0.02,0.005454545,0.016363636,0.003636364,0.014545455,0.000909091,0,0.002727273,0.005454545,0,0,0.001818182,0,0.006363636,0.000909091,0.015454545,0,0,0.007272727,0,0.008181818,0.006363636,0.013636364,0.006363636,0.004545455,0,0.004545455,0.001818182,0.003636364,0.000909091,0.008181818,0.001818182,0.009090909,0.000909091,0.003636364,0.001818182,0.021818182,0.001818182,0.009090909,0.003636364,0.025454545,,0.516414141,18,54,0.75,,TACGTAGGGGGCAAGCGTTGTCCGGAATTATTGGGCGTAAAGCGCGCGCAGGCGGCTTTTTAAGTCCGGTGTCACAGCCCAAGGCTCAACCTTGGGTCGCACTGGAAACTGGAGAGCTTGAGTACAGAAGAGGAAAGTGGAATTCCACGTGTAGCGGTGAAATGCGTAGAGATGTGGAGGAACACCAGTGGCGAAGGCGACTTTCTGGGCTGTAACTGACGCTGAGGCGCGAAAGCGTGGGGAGCAAACAGG,99
OTU_103,0.003636364,0.018181818,0.024545455,0.006363636,0.005454545,0.005454545,0.013636364,0.011818182,0.019090909,0.01,0.007272727,0.01,0.000909091,0.01,0.009090909,0.004545455,0.016363636,0.016363636,0.011818182,0.015454545,0.008181818,0,0.01,0.010909091,0.03,0.006363636,0.021818182,0.012727273,0.013636364,0.029090909,0.009090909,0.062727273,0.001818182,0.006363636,0.024545455,0.009090909,0.009090909,0.006363636,0.004545455,0.035454545,0.005454545,0.001818182,0.002727273,0,0.013636364,0.014545455,0.007272727,0.004545455,0.020909091,0.02,0.039090909,0.024545455,0.042727273,0.019090909,0.034545455,0.018181818,0.018181818,0.016363636,0.010909091,0.01,0.005454545,0.020909091,0.010909091,0.026363636,0.001818182,0.011818182,0.005454545,0.012727273,0.01,0.007272727,0.015454545,0.021818182,,1.397727273,2,70,0.972222222,,TACGAAGGGGGCTAGCGTTGCTCGGAATCACTGGGCGTAAAGGGCGCGTAGGCGGCGTTTTAAGTCGGGGGTGAAAGCCTGTGGCTCAACCACAGAATGGCCTTCGATACTGGGACGCTTGAGTATGGTAGAGGTTGGTGGAACTGCGAGTGTAGAGGTGAAATTCGTAGATATTCGCAAGAACACCGGTGGCGAAGGCGGCCAACTGGACCATTACTGACGCTGAGGCGCGAAAGCGTGGGGAGCAAACAGG,103
OTU_117,0.002727273,0.001818182,0.003636364,0,0.001818182,0,0.003636364,0,0.000909091,0.001818182,0.000909091,0,0.000909091,0,0.007272727,0,0.009090909,0,0.012727273,0.015454545,0.005454545,0,0.008181818,0,0,0.000909091,0,0,0,0.004545455,0,0.004545455,0,0.004545455,0,0,0.001818182,0,0.005454545,0.005454545,0.003636364,0,0,0,0,0,0.001818182,0.005454545,0.002727273,0,0,0,0.022727273,0,0.012727273,0,0.006363636,0,0,0,0.006363636,0.006363636,0.030909091,0.010909091,0.007272727,0.009090909,0.016363636,0.009090909,0.021818182,0.007272727,0.043636364,0.042727273,,0.515151515,31,41,0.569444444,,TACGAAGGGGGCTAGCGTTGTTCGGAATTACTGGGCGTAAAGCGCACGTAGGCGGACATTTAAGTCAGGGGTGAAATCCCGGGGCTCAACCCCGGAACGGCCTTTGATACTGGGTGTCTTGAGTTCGGAAGAGGTGAGTGGAATTGCGAGTGTAGAGGTGAAATTCGTAGATATTCGCAGGAACACCAGTGGCGAAGGCGGCTCACTGGTCCGATACTGACGCTGAGGTGCGAAAGCGTGGGGAGCAAACAGG,117